"","res","centralization","theoretical_max","player"
"1",0.418715305313243,0.19933605972221,263.749763033175,"Damian Lillard"
"2",0.418715305313243,0.19933605972221,263.749763033175,"CJ McCollum"
"3",0.408985282726569,0.19933605972221,263.749763033175,"Jusuf Nurkic"
"4",0.473118279569892,0.19933605972221,263.749763033175,"Al-Farouq Aminu"
"5",0.488436632747456,0.19933605972221,263.749763033175,"Seth Curry"
"6",0.444070647603028,0.19933605972221,263.749763033175,"Maurice Harkless"
"7",0.389955686853767,0.19933605972221,263.749763033175,"Jake Layman"
"8",0.487985212569316,0.19933605972221,263.749763033175,"Evan Turner"
"9",0.385964912280702,0.19933605972221,263.749763033175,"Zach Collins"
"10",0.453998280309544,0.19933605972221,263.749763033175,"Nik Stauskas"
"11",0.418715305313243,0.19933605972221,263.749763033175,"Meyers Leonard"
"12",0.367176634214186,0.19933605972221,263.749763033175,"Anfernee Simons"
"13",0.367176634214186,0.19933605972221,263.749763033175,"Gary Trent Jr."
"14",0.385964912280702,0.19933605972221,263.749763033175,"Caleb Swanigan"
"15",0.385964912280702,0.19933605972221,263.749763033175,"Wade Baldwin IV"
"16",0.445569620253165,0.19933605972221,263.749763033175,"Giannis Antetokounmpo"
"17",0.450127877237852,0.19933605972221,263.749763033175,"Khris Middleton"
"18",0.478260869565217,0.19933605972221,263.749763033175,"Eric Bledsoe"
"19",0.404597701149425,0.19933605972221,263.749763033175,"Malcolm Brogdon"
"20",0.487985212569316,0.19933605972221,263.749763033175,"Brook Lopez"
"21",0.431725265739984,0.19933605972221,263.749763033175,"Christian Wood"
"22",0.417061611374408,0.19933605972221,263.749763033175,"Pat Connaughton"
"23",0.487985212569316,0.19933605972221,263.749763033175,"Ersan Ilyasova"
"24",0.389955686853767,0.19933605972221,263.749763033175,"Sterling Brown"
"25",0.438902743142145,0.19933605972221,263.749763033175,"Tony Snell"
"26",0.435284418796373,0.19933605972221,263.749763033175,"Matthew Dellavedova"
"27",0.389955686853767,0.19933605972221,263.749763033175,"D.J. Wilson"
"28",0.453218884120172,0.19933605972221,263.749763033175,"John Henson"
"29",0.404597701149425,0.19933605972221,263.749763033175,"Thon Maker"
"30",0.375533428165007,0.19933605972221,263.749763033175,"Bonzie Colson"
"31",0.375533428165007,0.19933605972221,263.749763033175,"Donte DiVincenzo"
"32",0.416075650118203,0.19933605972221,263.749763033175,"Jaylen Morris"
"33",0.375533428165007,0.19933605972221,263.749763033175,"Trevon Duval"
"34",0.428223844282238,0.19933605972221,263.749763033175,"Zach LaVine"
"35",0.452830188679245,0.19933605972221,263.749763033175,"JaKarr Sampson"
"36",0.394029850746269,0.19933605972221,263.749763033175,"Lauri Markkanen"
"37",0.441102756892231,0.19933605972221,263.749763033175,"Jabari Parker"
"38",0.408037094281298,0.19933605972221,263.749763033175,"Walter Lemon Jr."
"39",0.445569620253165,0.19933605972221,263.749763033175,"Bobby Portis"
"40",0.405218726016884,0.19933605972221,263.749763033175,"Kris Dunn"
"41",0.4953095684803,0.19933605972221,263.749763033175,"Justin Holiday"
"42",0.375266524520256,0.19933605972221,263.749763033175,"Wendell Carter Jr."
"43",0.490706319702602,0.19933605972221,263.749763033175,"Robin Lopez"
"44",0.394029850746269,0.19933605972221,263.749763033175,"Antonio Blakeney"
"45",0.394029850746269,0.19933605972221,263.749763033175,"Ryan Arcidiacono"
"46",0.416075650118203,0.19933605972221,263.749763033175,"Shaquille Harrison"
"47",0.437086092715232,0.19933605972221,263.749763033175,"Cameron Payne"
"48",0.375266524520256,0.19933605972221,263.749763033175,"Chandler Hutchison"
"49",0.375266524520256,0.19933605972221,263.749763033175,"Brandon Sampson"
"50",0.445569620253165,0.19933605972221,263.749763033175,"Cristiano Felicio"
"51",0.375266524520256,0.19933605972221,263.749763033175,"Rawle Alkins"
"52",0.423076923076923,0.19933605972221,263.749763033175,"Tyler Ulis"
"53",0.46684350132626,0.19933605972221,263.749763033175,"Kevin Love"
"54",0.460732984293194,0.19933605972221,263.749763033175,"Jordan Clarkson"
"55",0.391982182628062,0.19933605972221,263.749763033175,"Collin Sexton"
"56",0.427876823338736,0.19933605972221,263.749763033175,"Cedi Osman"
"57",0.432078559738134,0.19933605972221,263.749763033175,"Rodney Hood"
"58",0.461135371179039,0.19933605972221,263.749763033175,"Tristan Thompson"
"59",0.444070647603028,0.19933605972221,263.749763033175,"Larry Nance Jr."
"60",0.502857142857143,0.19933605972221,263.749763033175,"Kyle Korver"
"61",0.427876823338736,0.19933605972221,263.749763033175,"Ante Zizic"
"62",0.482632541133455,0.19933605972221,263.749763033175,"George Hill"
"63",0.427876823338736,0.19933605972221,263.749763033175,"JR Smith"
"64",0.442211055276382,0.19933605972221,263.749763033175,"David Nwaba"
"65",0.455172413793103,0.19933605972221,263.749763033175,"Sam Dekker"
"66",0.413469068128426,0.19933605972221,263.749763033175,"Jalen Jones"
"67",0.391982182628062,0.19933605972221,263.749763033175,"Jaron Blossomgame"
"68",0.510144927536232,0.19933605972221,263.749763033175,"Channing Frye"
"69",0.428571428571429,0.19933605972221,263.749763033175,"Patrick McCaw"
"70",0.391982182628062,0.19933605972221,263.749763033175,"Deng Adel"
"71",0.427876823338736,0.19933605972221,263.749763033175,"John Holland"
"72",0.424096385542169,0.19933605972221,263.749763033175,"Kobi Simmons"
"73",0.444070647603028,0.19933605972221,263.749763033175,"Kyrie Irving"
"74",0.483516483516484,0.19933605972221,263.749763033175,"RJ Hunter"
"75",0.374468085106383,0.19933605972221,263.749763033175,"Jayson Tatum"
"76",0.484848484848485,0.19933605972221,263.749763033175,"Marcus Morris"
"77",0.487084870848708,0.19933605972221,263.749763033175,"Al Horford"
"78",0.420047732696897,0.19933605972221,263.749763033175,"Jaylen Brown"
"79",0.441102756892231,0.19933605972221,263.749763033175,"Gordon Hayward"
"80",0.426150121065375,0.19933605972221,263.749763033175,"Terry Rozier"
"81",0.448598130841121,0.19933605972221,263.749763033175,"Marcus Smart"
"82",0.374468085106383,0.19933605972221,263.749763033175,"Daniel Theis"
"83",0.452054794520548,0.19933605972221,263.749763033175,"Aron Baynes"
"84",0.369230769230769,0.19933605972221,263.749763033175,"Brad Wanamaker"
"85",0.374468085106383,0.19933605972221,263.749763033175,"Semi Ojeleye"
"86",0.398791540785498,0.19933605972221,263.749763033175,"PJ Dozier"
"87",0.369230769230769,0.19933605972221,263.749763033175,"Robert Williams III"
"88",0.374468085106383,0.19933605972221,263.749763033175,"Guerschon Yabusele"
"89",0.478694469628286,0.19933605972221,263.749763033175,"Tobias Harris"
"90",0.431020408163265,0.19933605972221,263.749763033175,"Lou Williams"
"91",0.467256637168142,0.19933605972221,263.749763033175,"Danilo Gallinari"
"92",0.435284418796373,0.19933605972221,263.749763033175,"Montrezl Harrell"
"93",0.380403458213256,0.19933605972221,263.749763033175,"Shai Gilgeous-Alexander"
"94",0.483959670027498,0.19933605972221,263.749763033175,"Avery Bradley"
"95",0.474820143884892,0.19933605972221,263.749763033175,"Patrick Beverley"
"96",0.438902743142145,0.19933605972221,263.749763033175,"Boban Marjanovic"
"97",0.481312670920693,0.19933605972221,263.749763033175,"Mike Scott"
"98",0.492997198879552,0.19933605972221,263.749763033175,"Luc Mbah a Moute"
"99",0.472271914132379,0.19933605972221,263.749763033175,"Marcin Gortat"
"100",0.402745995423341,0.19933605972221,263.749763033175,"Johnathan Motley"
"101",0.40397857689365,0.19933605972221,263.749763033175,"Tyrone Wallace"
"102",0.380403458213256,0.19933605972221,263.749763033175,"Jerome Robinson"
"103",0.40397857689365,0.19933605972221,263.749763033175,"Milos Teodosic"
"104",0.380403458213256,0.19933605972221,263.749763033175,"Angel Delgado"
"105",0.40397857689365,0.19933605972221,263.749763033175,"Sindarius Thornwell"
"106",0.475675675675676,0.19933605972221,263.749763033175,"Mike Conley"
"107",0.389955686853767,0.19933605972221,263.749763033175,"Jaren Jackson Jr."
"108",0.475247524752475,0.19933605972221,263.749763033175,"Marc Gasol"
"109",0.448979591836735,0.19933605972221,263.749763033175,"JaMychal Green"
"110",0.438174273858921,0.19933605972221,263.749763033175,"Bruno Caboclo"
"111",0.430317848410758,0.19933605972221,263.749763033175,"Kyle Anderson"
"112",0.467256637168142,0.19933605972221,263.749763033175,"Garrett Temple"
"113",0.498583569405099,0.19933605972221,263.749763033175,"Shelvin Mack"
"114",0.413145539906103,0.19933605972221,263.749763033175,"Dillon Brooks"
"115",0.500473933649289,0.19933605972221,263.749763033175,"Chandler Parsons"
"116",0.463564530289728,0.19933605972221,263.749763033175,"Joakim Noah"
"117",0.4418410041841,0.19933605972221,263.749763033175,"Wayne Selden"
"118",0.459130434782609,0.19933605972221,263.749763033175,"MarShon Brooks"
"119",0.503336510962822,0.19933605972221,263.749763033175,"Omri Casspi"
"120",0.413145539906103,0.19933605972221,263.749763033175,"Ivan Rabb"
"121",0.389955686853767,0.19933605972221,263.749763033175,"Jevon Carter"
"122",0.389955686853767,0.19933605972221,263.749763033175,"Dusty Hannahs"
"123",0.42443729903537,0.19933605972221,263.749763033175,"Andrew Harrison"
"124",0.389955686853767,0.19933605972221,263.749763033175,"Yuta Watanabe"
"125",0.389955686853767,0.19933605972221,263.749763033175,"Julian Washburn"
"126",0.416403785488959,0.19933605972221,263.749763033175,"DJ Stephens"
"127",0.422738190552442,0.19933605972221,263.749763033175,"John Collins"
"128",0.397889977392615,0.19933605972221,263.749763033175,"Trae Young"
"129",0.452830188679245,0.19933605972221,263.749763033175,"Taurean Prince"
"130",0.489795918367347,0.19933605972221,263.749763033175,"Kent Bazemore"
"131",0.473967684021544,0.19933605972221,263.749763033175,"Alex Len"
"132",0.490706319702602,0.19933605972221,263.749763033175,"Dewayne Dedmon"
"133",0.397889977392615,0.19933605972221,263.749763033175,"Kevin Huerter"
"134",0.505747126436782,0.19933605972221,263.749763033175,"Jeremy Lin"
"135",0.422738190552442,0.19933605972221,263.749763033175,"DeAndre' Bembry"
"136",0.496707431796801,0.19933605972221,263.749763033175,"Tyler Zeller"
"137",0.492537313432836,0.19933605972221,263.749763033175,"Vince Carter"
"138",0.422738190552442,0.19933605972221,263.749763033175,"Tyler Dorsey"
"139",0.397889977392615,0.19933605972221,263.749763033175,"Omari Spellman"
"140",0.449744463373083,0.19933605972221,263.749763033175,"Alex Poythress"
"141",0.5,0.19933605972221,263.749763033175,"Miles Plumlee"
"142",0.428223844282238,0.19933605972221,263.749763033175,"Deyonta Davis"
"143",0.459130434782609,0.19933605972221,263.749763033175,"Justin Anderson"
"144",0.397889977392615,0.19933605972221,263.749763033175,"BJ Johnson"
"145",0.397889977392615,0.19933605972221,263.749763033175,"Jaylen Adams"
"146",0.397889977392615,0.19933605972221,263.749763033175,"Isaac Humphries"
"147",0.397889977392615,0.19933605972221,263.749763033175,"Jordan Sibert"
"148",0.421052631578947,0.19933605972221,263.749763033175,"Daniel Hamilton"
"149",0.385964912280702,0.19933605972221,263.749763033175,"Josh Richardson"
"150",0.475675675675676,0.19933605972221,263.749763033175,"Dwyane Wade"
"151",0.477828054298643,0.19933605972221,263.749763033175,"Goran Dragic"
"152",0.385964912280702,0.19933605972221,263.749763033175,"Justise Winslow"
"153",0.447078746824725,0.19933605972221,263.749763033175,"Hassan Whiteside"
"154",0.450127877237852,0.19933605972221,263.749763033175,"Dion Waiters"
"155",0.404287901990812,0.19933605972221,263.749763033175,"Tyler Johnson"
"156",0.486187845303867,0.19933605972221,263.749763033175,"Wayne Ellington"
"157",0.46643109540636,0.19933605972221,263.749763033175,"Kelly Olynyk"
"158",0.371830985915493,0.19933605972221,263.749763033175,"Bam Adebayo"
"159",0.483959670027498,0.19933605972221,263.749763033175,"James Johnson"
"160",0.371830985915493,0.19933605972221,263.749763033175,"Rodney McGruder"
"161",0.406466512702079,0.19933605972221,263.749763033175,"Derrick Jones Jr."
"162",0.367432150313152,0.19933605972221,263.749763033175,"Duncan Robinson"
"163",0.411214953271028,0.19933605972221,263.749763033175,"Udonis Haslem"
"164",0.367432150313152,0.19933605972221,263.749763033175,"Yante Maten"
"165",0.444818871103623,0.19933605972221,263.749763033175,"Kemba Walker"
"166",0.444444444444444,0.19933605972221,263.749763033175,"Jeremy Lamb"
"167",0.441102756892231,0.19933605972221,263.749763033175,"Cody Zeller"
"168",0.473118279569892,0.19933605972221,263.749763033175,"Marvin Williams"
"169",0.436724565756824,0.19933605972221,263.749763033175,"Tony Parker"
"170",0.468085106382979,0.19933605972221,263.749763033175,"Nicolas Batum"
"171",0.386813186813187,0.19933605972221,263.749763033175,"Malik Monk"
"172",0.414768263943441,0.19933605972221,263.749763033175,"Frank Kaminsky"
"173",0.360409556313993,0.19933605972221,263.749763033175,"Miles Bridges"
"174",0.386813186813187,0.19933605972221,263.749763033175,"Dwayne Bacon"
"175",0.42512077294686,0.19933605972221,263.749763033175,"Willy Hernangomez"
"176",0.441102756892231,0.19933605972221,263.749763033175,"Michael Kidd-Gilchrist"
"177",0.360409556313993,0.19933605972221,263.749763033175,"Devonte' Graham"
"178",0.446700507614213,0.19933605972221,263.749763033175,"Bismack Biyombo"
"179",0.360409556313993,0.19933605972221,263.749763033175,"J.P. Macura"
"180",0.360409556313993,0.19933605972221,263.749763033175,"Joe Chealey"
"181",0.374468085106383,0.19933605972221,263.749763033175,"Donovan Mitchell"
"182",0.415420928402832,0.19933605972221,263.749763033175,"Rudy Gobert"
"183",0.450127877237852,0.19933605972221,263.749763033175,"Ricky Rubio"
"184",0.41025641025641,0.19933605972221,263.749763033175,"Joe Ingles"
"185",0.488888888888889,0.19933605972221,263.749763033175,"Jae Crowder"
"186",0.443324937027708,0.19933605972221,263.749763033175,"Derrick Favors"
"187",0.436003303055326,0.19933605972221,263.749763033175,"Alec Burks"
"188",0.41025641025641,0.19933605972221,263.749763033175,"Dante Exum"
"189",0.374468085106383,0.19933605972221,263.749763033175,"Tony Bradley"
"190",0.365650969529086,0.19933605972221,263.749763033175,"Grayson Allen"
"191",0.403361344537815,0.19933605972221,263.749763033175,"Raul Neto"
"192",0.374468085106383,0.19933605972221,263.749763033175,"Royce O'Neale"
"193",0.395505617977528,0.19933605972221,263.749763033175,"Georges Niang"
"194",0.477828054298643,0.19933605972221,263.749763033175,"Thabo Sefolosha"
"195",0.440734557595993,0.19933605972221,263.749763033175,"Ekpe Udoh"
"196",0.374468085106383,0.19933605972221,263.749763033175,"Naz Mitrou-Long"
"197",0.408037094281298,0.19933605972221,263.749763033175,"Tyler Cavanaugh"
"198",0.437086092715232,0.19933605972221,263.749763033175,"Buddy Hield"
"199",0.399394856278366,0.19933605972221,263.749763033175,"De'Aaron Fox"
"200",0.369230769230769,0.19933605972221,263.749763033175,"Marvin Bagley III"
"201",0.399394856278366,0.19933605972221,263.749763033175,"Bogdan Bogdanovic"
"202",0.448217317487267,0.19933605972221,263.749763033175,"Willie Cauley-Stein"
"203",0.397291196388262,0.19933605972221,263.749763033175,"Nemanja Bjelica"
"204",0.470588235294118,0.19933605972221,263.749763033175,"Iman Shumpert"
"205",0.399394856278366,0.19933605972221,263.749763033175,"Justin Jackson"
"206",0.369230769230769,0.19933605972221,263.749763033175,"Harry Giles III"
"207",0.426494345718901,0.19933605972221,263.749763033175,"Yogi Ferrell"
"208",0.430668841761827,0.19933605972221,263.749763033175,"Troy Williams"
"209",0.399394856278366,0.19933605972221,263.749763033175,"Frank Mason"
"210",0.46684350132626,0.19933605972221,263.749763033175,"Ben McLemore"
"211",0.506717850287908,0.19933605972221,263.749763033175,"Kosta Koufos"
"212",0.427184466019417,0.19933605972221,263.749763033175,"Skal Labissiere"
"213",0.487084870848708,0.19933605972221,263.749763033175,"Tim Hardaway Jr."
"214",0.401520912547529,0.19933605972221,263.749763033175,"Emmanuel Mudiay"
"215",0.476104598737601,0.19933605972221,263.749763033175,"Enes Kanter"
"216",0.376873661670236,0.19933605972221,263.749763033175,"Kevin Knox"
"217",0.4418410041841,0.19933605972221,263.749763033175,"Trey Burke"
"218",0.376873661670236,0.19933605972221,263.749763033175,"Allonzo Trier"
"219",0.404907975460123,0.19933605972221,263.749763033175,"Damyean Dotson"
"220",0.396992481203008,0.19933605972221,263.749763033175,"Kadeem Allen"
"221",0.443324937027708,0.19933605972221,263.749763033175,"Mario Hezonja"
"222",0.425806451612903,0.19933605972221,263.749763033175,"Noah Vonleh"
"223",0.376873661670236,0.19933605972221,263.749763033175,"Mitchell Robinson"
"224",0.404907975460123,0.19933605972221,263.749763033175,"Luke Kornet"
"225",0.376873661670236,0.19933605972221,263.749763033175,"Billy Garrett"
"226",0.404907975460123,0.19933605972221,263.749763033175,"Frank Ntilikina"
"227",0.482191780821918,0.19933605972221,263.749763033175,"Lance Thomas"
"228",0.404907975460123,0.19933605972221,263.749763033175,"Isaiah Hicks"
"229",0.50381679389313,0.19933605972221,263.749763033175,"Courtney Lee"
"230",0.42512077294686,0.19933605972221,263.749763033175,"Ron Baker"
"231",0.448598130841121,0.19933605972221,263.749763033175,"LeBron James"
"232",0.418715305313243,0.19933605972221,263.749763033175,"Kyle Kuzma"
"233",0.437448218724109,0.19933605972221,263.749763033175,"Brandon Ingram"
"234",0.485740570377185,0.19933605972221,263.749763033175,"JaVale McGee"
"235",0.463564530289728,0.19933605972221,263.749763033175,"Kentavious Caldwell-Pope"
"236",0.418715305313243,0.19933605972221,263.749763033175,"Lonzo Ball"
"237",0.418715305313243,0.19933605972221,263.749763033175,"Alex Caruso"
"238",0.502857142857143,0.19933605972221,263.749763033175,"Rajon Rondo"
"239",0.437448218724109,0.19933605972221,263.749763033175,"Ivica Zubac"
"240",0.418715305313243,0.19933605972221,263.749763033175,"Josh Hart"
"241",0.499526963103122,0.19933605972221,263.749763033175,"Lance Stephenson"
"242",0.507204610951009,0.19933605972221,263.749763033175,"Michael Beasley"
"243",0.390532544378698,0.19933605972221,263.749763033175,"Johnathan Williams"
"244",0.390532544378698,0.19933605972221,263.749763033175,"Moritz Wagner"
"245",0.390532544378698,0.19933605972221,263.749763033175,"Jemerrio Jones"
"246",0.390532544378698,0.19933605972221,263.749763033175,"Svi Mykhailiuk"
"247",0.432432432432432,0.19933605972221,263.749763033175,"Scott Machado"
"248",0.390532544378698,0.19933605972221,263.749763033175,"Isaac Bonga"
"249",0.418715305313243,0.19933605972221,263.749763033175,"Andre Ingram"
"250",0.45993031358885,0.19933605972221,263.749763033175,"Nikola Vucevic"
"251",0.441102756892231,0.19933605972221,263.749763033175,"Aaron Gordon"
"252",0.472271914132379,0.19933605972221,263.749763033175,"Evan Fournier"
"253",0.448598130841121,0.19933605972221,263.749763033175,"Terrence Ross"
"254",0.49025069637883,0.19933605972221,263.749763033175,"D.J. Augustin"
"255",0.387950036737693,0.19933605972221,263.749763033175,"Jonathan Isaac"
"256",0.414768263943441,0.19933605972221,263.749763033175,"Jonathon Simmons"
"257",0.363386097728837,0.19933605972221,263.749763033175,"Mo Bamba"
"258",0.387950036737693,0.19933605972221,263.749763033175,"Wes Iwundu"
"259",0.387950036737693,0.19933605972221,263.749763033175,"Khem Birch"
"260",0.452054794520548,0.19933605972221,263.749763033175,"Jerian Grant"
"261",0.363386097728837,0.19933605972221,263.749763033175,"Isaiah Briscoe"
"262",0.428571428571429,0.19933605972221,263.749763033175,"Jarell Martin"
"263",0.363386097728837,0.19933605972221,263.749763033175,"Troy Caupain"
"264",0.363386097728837,0.19933605972221,263.749763033175,"Amile Jefferson"
"265",0.363386097728837,0.19933605972221,263.749763033175,"Melvin Frazier Jr."
"266",0.359428182437032,0.19933605972221,263.749763033175,"Luka Doncic"
"267",0.432078559738134,0.19933605972221,263.749763033175,"Harrison Barnes"
"268",0.373408769448373,0.19933605972221,263.749763033175,"Dennis Smith Jr."
"269",0.480436760691538,0.19933605972221,263.749763033175,"Wesley Matthews"
"270",0.457142857142857,0.19933605972221,263.749763033175,"DeAndre Jordan"
"271",0.373408769448373,0.19933605972221,263.749763033175,"J.J. Barea"
"272",0.453218884120172,0.19933605972221,263.749763033175,"Dwight Powell"
"273",0.359428182437032,0.19933605972221,263.749763033175,"Jalen Brunson"
"274",0.403361344537815,0.19933605972221,263.749763033175,"Dorian Finney-Smith"
"275",0.459130434782609,0.19933605972221,263.749763033175,"Dirk Nowitzki"
"276",0.373408769448373,0.19933605972221,263.749763033175,"Maxi Kleber"
"277",0.4953095684803,0.19933605972221,263.749763033175,"Devin Harris"
"278",0.428223844282238,0.19933605972221,263.749763033175,"Salah Mejri"
"279",0.359428182437032,0.19933605972221,263.749763033175,"Ray Spalding"
"280",0.359428182437032,0.19933605972221,263.749763033175,"Ryan Broekhoff"
"281",0.359428182437032,0.19933605972221,263.749763033175,"Daryl Macon"
"282",0.359428182437032,0.19933605972221,263.749763033175,"Kostas Antetokounmpo"
"283",0.442211055276382,0.19933605972221,263.749763033175,"D'Angelo Russell"
"284",0.461135371179039,0.19933605972221,263.749763033175,"Spencer Dinwiddie"
"285",0.438902743142145,0.19933605972221,263.749763033175,"Joe Harris"
"286",0.420382165605096,0.19933605972221,263.749763033175,"Caris LeVert"
"287",0.501901140684411,0.19933605972221,263.749763033175,"DeMarre Carroll"
"288",0.404907975460123,0.19933605972221,263.749763033175,"Jarrett Allen"
"289",0.441102756892231,0.19933605972221,263.749763033175,"Kenneth Faried"
"290",0.447457627118644,0.19933605972221,263.749763033175,"Allen Crabbe"
"291",0.462751971954426,0.19933605972221,263.749763033175,"Shabazz Napier"
"292",0.426494345718901,0.19933605972221,263.749763033175,"Rondae Hollis-Jefferson"
"293",0.384,0.19933605972221,263.749763033175,"Rodions Kurucs"
"294",0.490706319702602,0.19933605972221,263.749763033175,"Ed Davis"
"295",0.419713831478537,0.19933605972221,263.749763033175,"Treveon Graham"
"296",0.504297994269341,0.19933605972221,263.749763033175,"Jared Dudley"
"297",0.384,0.19933605972221,263.749763033175,"Theo Pinson"
"298",0.384,0.19933605972221,263.749763033175,"Mitchell Creek"
"299",0.384,0.19933605972221,263.749763033175,"Tahjere McCall"
"300",0.436363636363636,0.19933605972221,263.749763033175,"Alan Williams"
"301",0.384,0.19933605972221,263.749763033175,"Dzanan Musa"
"302",0.392273402674591,0.19933605972221,263.749763033175,"Nikola Jokic"
"303",0.392273402674591,0.19933605972221,263.749763033175,"Jamal Murray"
"304",0.398791540785498,0.19933605972221,263.749763033175,"Gary Harris"
"305",0.476964769647696,0.19933605972221,263.749763033175,"Paul Millsap"
"306",0.422062350119904,0.19933605972221,263.749763033175,"Will Barton"
"307",0.392273402674591,0.19933605972221,263.749763033175,"Malik Beasley"
"308",0.384559359067735,0.19933605972221,263.749763033175,"Monte Morris"
"309",0.412177985948478,0.19933605972221,263.749763033175,"Trey Lyles"
"310",0.5,0.19933605972221,263.749763033175,"Isaiah Thomas"
"311",0.427876823338736,0.19933605972221,263.749763033175,"Mason Plumlee"
"312",0.370526315789474,0.19933605972221,263.749763033175,"Juancho Hernangomez"
"313",0.384559359067735,0.19933605972221,263.749763033175,"Torrey Craig"
"314",0.478694469628286,0.19933605972221,263.749763033175,"Nick Young"
"315",0.370526315789474,0.19933605972221,263.749763033175,"Thomas Welsh"
"316",0.370526315789474,0.19933605972221,263.749763033175,"Jarred Vanderbilt"
"317",0.370526315789474,0.19933605972221,263.749763033175,"Brandon Goodwin"
"318",0.370526315789474,0.19933605972221,263.749763033175,"DeVaughn Akoon-Purcell"
"319",0.384559359067735,0.19933605972221,263.749763033175,"Tyler Lydon"
"320",0.461942257217848,0.19933605972221,263.749763033175,"Victor Oladipo"
"321",0.434567901234568,0.19933605972221,263.749763033175,"Bojan Bogdanovic"
"322",0.4224,0.19933605972221,263.749763033175,"Domantas Sabonis"
"323",0.432786885245902,0.19933605972221,263.749763033175,"Myles Turner"
"324",0.489341983317887,0.19933605972221,263.749763033175,"Thaddeus Young"
"325",0.483959670027498,0.19933605972221,263.749763033175,"Darren Collison"
"326",0.476964769647696,0.19933605972221,263.749763033175,"Tyreke Evans"
"327",0.461135371179039,0.19933605972221,263.749763033175,"Doug McDermott"
"328",0.442953020134228,0.19933605972221,263.749763033175,"Cory Joseph"
"329",0.380403458213256,0.19933605972221,263.749763033175,"Aaron Holiday"
"330",0.398791540785498,0.19933605972221,263.749763033175,"TJ Leaf"
"331",0.474820143884892,0.19933605972221,263.749763033175,"Kyle O'Quinn"
"332",0.398791540785498,0.19933605972221,263.749763033175,"Edmond Sumner"
"333",0.418052256532067,0.19933605972221,263.749763033175,"Davon Reed"
"334",0.380403458213256,0.19933605972221,263.749763033175,"Alize Johnson"
"335",0.398791540785498,0.19933605972221,263.749763033175,"Ike Anigbogu"
"336",0.451668092386655,0.19933605972221,263.749763033175,"Anthony Davis"
"337",0.454388984509466,0.19933605972221,263.749763033175,"Julius Randle"
"338",0.472694717994628,0.19933605972221,263.749763033175,"Jrue Holiday"
"339",0.459130434782609,0.19933605972221,263.749763033175,"Nikola Mirotic"
"340",0.464379947229551,0.19933605972221,263.749763033175,"E'Twaun Moore"
"341",0.456747404844291,0.19933605972221,263.749763033175,"Elfrid Payton"
"342",0.444444444444444,0.19933605972221,263.749763033175,"Jahlil Okafor"
"343",0.435284418796373,0.19933605972221,263.749763033175,"Darius Miller"
"344",0.383442265795207,0.19933605972221,263.749763033175,"Frank Jackson"
"345",0.450127877237852,0.19933605972221,263.749763033175,"Ian Clark"
"346",0.430668841761827,0.19933605972221,263.749763033175,"Cheick Diallo"
"347",0.383442265795207,0.19933605972221,263.749763033175,"Kenrich Williams"
"348",0.483959670027498,0.19933605972221,263.749763033175,"Tim Frazier"
"349",0.447837150127226,0.19933605972221,263.749763033175,"Solomon Hill"
"350",0.49811320754717,0.19933605972221,263.749763033175,"Wesley Johnson"
"351",0.383442265795207,0.19933605972221,263.749763033175,"Dairis Bertans"
"352",0.460732984293194,0.19933605972221,263.749763033175,"Blake Griffin"
"353",0.448217317487267,0.19933605972221,263.749763033175,"Andre Drummond"
"354",0.45993031358885,0.19933605972221,263.749763033175,"Reggie Jackson"
"355",0.457538994800693,0.19933605972221,263.749763033175,"Reggie Bullock"
"356",0.404287901990812,0.19933605972221,263.749763033175,"Luke Kennard"
"357",0.499054820415879,0.19933605972221,263.749763033175,"Ish Smith"
"358",0.464379947229551,0.19933605972221,263.749763033175,"Langston Galloway"
"359",0.432432432432432,0.19933605972221,263.749763033175,"Stanley Johnson"
"360",0.413145539906103,0.19933605972221,263.749763033175,"Henry Ellenson"
"361",0.382886149383611,0.19933605972221,263.749763033175,"Bruce Brown"
"362",0.414117647058824,0.19933605972221,263.749763033175,"Glenn Robinson III"
"363",0.504780114722753,0.19933605972221,263.749763033175,"Zaza Pachulia"
"364",0.49025069637883,0.19933605972221,263.749763033175,"Jon Leuer"
"365",0.382886149383611,0.19933605972221,263.749763033175,"Khyri Thomas"
"366",0.514619883040936,0.19933605972221,263.749763033175,"Jose Calderon"
"367",0.419047619047619,0.19933605972221,263.749763033175,"Kalin Lucas"
"368",0.382886149383611,0.19933605972221,263.749763033175,"Zach Lofton"
"369",0.427184466019417,0.19933605972221,263.749763033175,"Kawhi Leonard"
"370",0.407407407407407,0.19933605972221,263.749763033175,"Pascal Siakam"
"371",0.449744463373083,0.19933605972221,263.749763033175,"Jonas Valanciunas"
"372",0.454780361757106,0.19933605972221,263.749763033175,"Serge Ibaka"
"373",0.468916518650089,0.19933605972221,263.749763033175,"Kyle Lowry"
"374",0.407407407407407,0.19933605972221,263.749763033175,"Fred VanVleet"
"375",0.435643564356436,0.19933605972221,263.749763033175,"Danny Green"
"376",0.418052256532067,0.19933605972221,263.749763033175,"Delon Wright"
"377",0.418052256532067,0.19933605972221,263.749763033175,"Norman Powell"
"378",0.385682980277575,0.19933605972221,263.749763033175,"OG Anunoby"
"379",0.473542600896861,0.19933605972221,263.749763033175,"CJ Miles"
"380",0.486635944700461,0.19933605972221,263.749763033175,"Jodie Meeks"
"381",0.453998280309544,0.19933605972221,263.749763033175,"Greg Monroe"
"382",0.385682980277575,0.19933605972221,263.749763033175,"Malcolm Miller"
"383",0.417391304347826,0.19933605972221,263.749763033175,"Chris Boucher"
"384",0.378494623655914,0.19933605972221,263.749763033175,"Jordan Loyd"
"385",0.467670504871568,0.19933605972221,263.749763033175,"Lorenzo Brown"
"386",0.433853738701726,0.19933605972221,263.749763033175,"Malachi Richardson"
"387",0.477396021699819,0.19933605972221,263.749763033175,"James Harden"
"388",0.432078559738134,0.19933605972221,263.749763033175,"Clint Capela"
"389",0.470169189670525,0.19933605972221,263.749763033175,"Eric Gordon"
"390",0.472694717994628,0.19933605972221,263.749763033175,"Chris Paul"
"391",0.467670504871568,0.19933605972221,263.749763033175,"Carmelo Anthony"
"392",0.384559359067735,0.19933605972221,263.749763033175,"Danuel House Jr."
"393",0.507692307692308,0.19933605972221,263.749763033175,"Gerald Green"
"394",0.489795918367347,0.19933605972221,263.749763033175,"PJ Tucker"
"395",0.453998280309544,0.19933605972221,263.749763033175,"Brandon Knight"
"396",0.417391304347826,0.19933605972221,263.749763033175,"James Ennis III"
"397",0.492997198879552,0.19933605972221,263.749763033175,"Michael Carter-Williams"
"398",0.420047732696897,0.19933605972221,263.749763033175,"Marquese Chriss"
"399",0.451282051282051,0.19933605972221,263.749763033175,"Nene"
"400",0.384559359067735,0.19933605972221,263.749763033175,"Gary Clark"
"401",0.405529953917051,0.19933605972221,263.749763033175,"Zhou Qi"
"402",0.384559359067735,0.19933605972221,263.749763033175,"Isaiah Hartenstein"
"403",0.384559359067735,0.19933605972221,263.749763033175,"Vincent Edwards"
"404",0.472694717994628,0.19933605972221,263.749763033175,"Terrence Jones"
"405",0.384559359067735,0.19933605972221,263.749763033175,"Chris Chiozza"
"406",0.415748031496063,0.19933605972221,263.749763033175,"Joel Embiid"
"407",0.479564032697548,0.19933605972221,263.749763033175,"JJ Redick"
"408",0.405529953917051,0.19933605972221,263.749763033175,"Ben Simmons"
"409",0.46684350132626,0.19933605972221,263.749763033175,"Robert Covington"
"410",0.415748031496063,0.19933605972221,263.749763033175,"Dario Saric"
"411",0.375533428165007,0.19933605972221,263.749763033175,"Landry Shamet"
"412",0.405529953917051,0.19933605972221,263.749763033175,"Markelle Fultz"
"413",0.474820143884892,0.19933605972221,263.749763033175,"Mike Muscala"
"414",0.375533428165007,0.19933605972221,263.749763033175,"Zhaire Smith"
"415",0.405529953917051,0.19933605972221,263.749763033175,"T.J. McConnell"
"416",0.445945945945946,0.19933605972221,263.749763033175,"Wilson Chandler"
"417",0.405529953917051,0.19933605972221,263.749763033175,"Furkan Korkmaz"
"418",0.497643732327992,0.19933605972221,263.749763033175,"Corey Brewer"
"419",0.375533428165007,0.19933605972221,263.749763033175,"Jonah Bolden"
"420",0.375533428165007,0.19933605972221,263.749763033175,"Shake Milton"
"421",0.483959670027498,0.19933605972221,263.749763033175,"Amir Johnson"
"422",0.443697478991597,0.19933605972221,263.749763033175,"Demetrius Jackson"
"423",0.375533428165007,0.19933605972221,263.749763033175,"Haywood Highsmith"
"424",0.460732984293194,0.19933605972221,263.749763033175,"LaMarcus Aldridge"
"425",0.460331299040976,0.19933605972221,263.749763033175,"DeMar DeRozan"
"426",0.473967684021544,0.19933605972221,263.749763033175,"Rudy Gay"
"427",0.396396396396396,0.19933605972221,263.749763033175,"Bryn Forbes"
"428",0.505747126436782,0.19933605972221,263.749763033175,"Marco Belinelli"
"429",0.384839650145773,0.19933605972221,263.749763033175,"Derrick White"
"430",0.43492586490939,0.19933605972221,263.749763033175,"Patty Mills"
"431",0.396396396396396,0.19933605972221,263.749763033175,"Davis Bertans"
"432",0.419713831478537,0.19933605972221,263.749763033175,"Jakob Poeltl"
"433",0.455958549222798,0.19933605972221,263.749763033175,"Pau Gasol"
"434",0.48,0.19933605972221,263.749763033175,"Dante Cunningham"
"435",0.377412437455325,0.19933605972221,263.749763033175,"Lonnie Walker IV"
"436",0.476964769647696,0.19933605972221,263.749763033175,"Donatas Motiejunas"
"437",0.473542600896861,0.19933605972221,263.749763033175,"Quincy Pondexter"
"438",0.377412437455325,0.19933605972221,263.749763033175,"Drew Eubanks"
"439",0.377412437455325,0.19933605972221,263.749763033175,"Chimezie Metu"
"440",0.435284418796373,0.19933605972221,263.749763033175,"Devin Booker"
"441",0.386813186813187,0.19933605972221,263.749763033175,"T.J. Warren"
"442",0.386813186813187,0.19933605972221,263.749763033175,"Deandre Ayton"
"443",0.481312670920693,0.19933605972221,263.749763033175,"Trevor Ariza"
"444",0.414442700156986,0.19933605972221,263.749763033175,"Josh Jackson"
"445",0.386813186813187,0.19933605972221,263.749763033175,"Mikal Bridges"
"446",0.436363636363636,0.19933605972221,263.749763033175,"Richaun Holmes"
"447",0.487084870848708,0.19933605972221,263.749763033175,"Jamal Crawford"
"448",0.468500443655723,0.19933605972221,263.749763033175,"Troy Daniels"
"449",0.491620111731844,0.19933605972221,263.749763033175,"Isaiah Canaan"
"450",0.386813186813187,0.19933605972221,263.749763033175,"Elie Okobo"
"451",0.386813186813187,0.19933605972221,263.749763033175,"De'Anthony Melton"
"452",0.4224,0.19933605972221,263.749763033175,"Dragan Bender"
"453",0.442581726739313,0.19933605972221,263.749763033175,"Jimmer Fredette"
"454",0.386813186813187,0.19933605972221,263.749763033175,"Emanuel Terry"
"455",0.487084870848708,0.19933605972221,263.749763033175,"Tyson Chandler"
"456",0.481751824817518,0.19933605972221,263.749763033175,"Ryan Anderson"
"457",0.498583569405099,0.19933605972221,263.749763033175,"Quincy Acy"
"458",0.44936170212766,0.19933605972221,263.749763033175,"Eric Moreland"
"459",0.415748031496063,0.19933605972221,263.749763033175,"Jawun Evans"
"460",0.386813186813187,0.19933605972221,263.749763033175,"George King"
"461",0.447837150127226,0.19933605972221,263.749763033175,"Paul George"
"462",0.456747404844291,0.19933605972221,263.749763033175,"Russell Westbrook"
"463",0.471008028545941,0.19933605972221,263.749763033175,"Dennis Schroder"
"464",0.445193929173693,0.19933605972221,263.749763033175,"Steven Adams"
"465",0.443324937027708,0.19933605972221,263.749763033175,"Jerami Grant"
"466",0.384559359067735,0.19933605972221,263.749763033175,"Terrance Ferguson"
"467",0.411214953271028,0.19933605972221,263.749763033175,"Alex Abrines"
"468",0.452830188679245,0.19933605972221,263.749763033175,"Nerlens Noel"
"469",0.407722007722008,0.19933605972221,263.749763033175,"Timothe Luwawu-Cabarrot"
"470",0.489341983317887,0.19933605972221,263.749763033175,"Raymond Felton"
"471",0.395209580838323,0.19933605972221,263.749763033175,"Abdel Nader"
"472",0.373673036093418,0.19933605972221,263.749763033175,"Hamidou Diallo"
"473",0.483959670027498,0.19933605972221,263.749763033175,"Patrick Patterson"
"474",0.373673036093418,0.19933605972221,263.749763033175,"Deonte Burton"
"475",0.373673036093418,0.19933605972221,263.749763033175,"Tyler Davis"
"476",0.404287901990812,0.19933605972221,263.749763033175,"Karl-Anthony Towns"
"477",0.458333333333333,0.19933605972221,263.749763033175,"Jimmy Butler"
"478",0.421725239616613,0.19933605972221,263.749763033175,"Andrew Wiggins"
"479",0.477828054298643,0.19933605972221,263.749763033175,"Derrick Rose"
"480",0.49025069637883,0.19933605972221,263.749763033175,"Jeff Teague"
"481",0.460732984293194,0.19933605972221,263.749763033175,"Taj Gibson"
"482",0.386813186813187,0.19933605972221,263.749763033175,"Josh Okogie"
"483",0.487534626038781,0.19933605972221,263.749763033175,"Luol Deng"
"484",0.404287901990812,0.19933605972221,263.749763033175,"Tyus Jones"
"485",0.433141919606235,0.19933605972221,263.749763033175,"Gorgui Dieng"
"486",0.506717850287908,0.19933605972221,263.749763033175,"Jerryd Bayless"
"487",0.528528528528528,0.19933605972221,263.749763033175,"Anthony Tolliver"
"488",0.386813186813187,0.19933605972221,263.749763033175,"Cameron Reynolds"
"489",0.386813186813187,0.19933605972221,263.749763033175,"Keita Bates-Diop"
"490",0.420382165605096,0.19933605972221,263.749763033175,"C.J. Williams"
"491",0.433853738701726,0.19933605972221,263.749763033175,"James Nunnally"
"492",0.386813186813187,0.19933605972221,263.749763033175,"Jared Terrell"
"493",0.395505617977528,0.19933605972221,263.749763033175,"Justin Patton"
"494",0.442211055276382,0.19933605972221,263.749763033175,"Stephen Curry"
"495",0.461942257217848,0.19933605972221,263.749763033175,"Kevin Durant"
"496",0.437086092715232,0.19933605972221,263.749763033175,"Klay Thompson"
"497",0.475247524752475,0.19933605972221,263.749763033175,"DeMarcus Cousins"
"498",0.432078559738134,0.19933605972221,263.749763033175,"Draymond Green"
"499",0.438174273858921,0.19933605972221,263.749763033175,"Quinn Cook"
"500",0.474820143884892,0.19933605972221,263.749763033175,"Jonas Jerebko"
"501",0.414768263943441,0.19933605972221,263.749763033175,"Kevon Looney"
"502",0.478260869565217,0.19933605972221,263.749763033175,"Andre Iguodala"
"503",0.41025641025641,0.19933605972221,263.749763033175,"Damian Jones"
"504",0.416075650118203,0.19933605972221,263.749763033175,"Damion Lee"
"505",0.400606980273141,0.19933605972221,263.749763033175,"Alfonzo McKinnie"
"506",0.377412437455325,0.19933605972221,263.749763033175,"Marcus Derrickson"
"507",0.483074107959744,0.19933605972221,263.749763033175,"Shaun Livingston"
"508",0.474820143884892,0.19933605972221,263.749763033175,"Andrew Bogut"
"509",0.407093292212799,0.19933605972221,263.749763033175,"Jordan Bell"
"510",0.377412437455325,0.19933605972221,263.749763033175,"Jacob Evans"
"511",0.442211055276382,0.19933605972221,263.749763033175,"Bradley Beal"
"512",0.453218884120172,0.19933605972221,263.749763033175,"John Wall"
"513",0.408037094281298,0.19933605972221,263.749763033175,"Kelly Oubre Jr."
"514",0.408037094281298,0.19933605972221,263.749763033175,"Otto Porter Jr."
"515",0.491162790697674,0.19933605972221,263.749763033175,"Dwight Howard"
"516",0.507692307692308,0.19933605972221,263.749763033175,"Jeff Green"
"517",0.425806451612903,0.19933605972221,263.749763033175,"Thomas Bryant"
"518",0.483074107959744,0.19933605972221,263.749763033175,"Markieff Morris"
"519",0.416403785488959,0.19933605972221,263.749763033175,"Tomas Satoransky"
"520",0.469750889679715,0.19933605972221,263.749763033175,"Austin Rivers"
"521",0.408037094281298,0.19933605972221,263.749763033175,"Devin Robinson"
"522",0.4418410041841,0.19933605972221,263.749763033175,"Jordan McRae"
"523",0.426839126919968,0.19933605972221,263.749763033175,"Chasson Randle"
"524",0.392857142857143,0.19933605972221,263.749763033175,"Troy Brown Jr."
"525",0.493457943925234,0.19933605972221,263.749763033175,"John Jenkins"
"526",0.467256637168142,0.19933605972221,263.749763033175,"Ian Mahinmi"
"527",0.421388667198723,0.19933605972221,263.749763033175,"Gary Payton II"
"528",0.4953095684803,0.19933605972221,263.749763033175,"Jason Smith"
"529",0.405841660261337,0.19933605972221,263.749763033175,"Okaro White"
